PCI for SMB: Requirement 10 & 11 – Regularly Monitor and Test Networks,'Our security analyst explains Payment Card Industry (PCI) Requirement 10 & 11 and gives tips on how to regularly monitor and test networks.',"['Requirement', 'PCI', 'maintain', 'data', 'access', 'systems', 'security', 'monitoring', 'logs', 'help', 'cardholder', 'The', '&', 'vulnerability', 'visibility']"
Spotlight on Women in Cybersecurity,"'On International Women’s Day, some of the Sucuri team members share their insights into being a woman who works in cyber security.'","['I', 'women', 'security', 'work', 'technology', 'future', 'The', 'Sucuri', 'tech', 'I’ve', 'like', 'I’m', 'As', 'working', 'interested']"
How to Add SSL & Move WordPress from HTTP to HTTPS,'Want to secure your WordPress site with SSL? Learn how to add an SSL certificate and move your WordPress from HTTP to HTTPS to ensure site security.',"['SSL', 'WordPress', 'website', 'HTTPS', '–', 'certificate', 'Step', 'If', 'use', 'plugin', 'Google', 'security', 'You', 'Add', 'click']"
Website Malware Removal – FTP Tips & Tricks,[<Element 'meta' content='Update 9/9/16:    We released a new guide that provides better instructions on how to clean a hacked WordPress site using the Free WordPress security plugin.    2016 Guide on How to Clean a Hacked WordPress Site        When you clean' property='og:description'>],"['I', 'If', 'time', 'this:', 'local', 'like', 'you’re', 'Filter', '–', 'sure', 'screen', 'look', 'little', 'filter', 'You']"
Website Malware – Reality of Cross-Site Contaminations,"[<Element 'meta' content=""Sometimes you can't help but put yourself in the shoes of your clients and skeptics and wonder how many times they roll their eyes at the things you say. Cross-site contamination is one of those"" property='og:description'>]","['The', 'it’s', 'payload', 'doing', 'This', 'It', '.htaccess', 'sites', 'remove', 'real', 'little', 'just', 'here:', 'We', 'JavaScript']"
"Web Server Attacks – Apache Modules, Log Management and RELM","[<Element 'meta' content=""New year, same tricks, mostly because they work. That's how we're kicking off the new year folks.   In September of 2012, Dennis, of Unmask Parasites, first wrote about rogue apache modules being injected into web"" property='og:description'>]","['modules', 'things', 'If', 'The', 'we’re', 'like', 'It', 'web', 'servers', 'open', 'it’s', 'number', 'attacks', 'In', '–']"
HideMeBetter – SPAM injection Variant,"[<Element 'meta' content='Compromised sites being injected with SPAM SEO is something we deal very often. A few months ago we wrote about a wave of SPAM injections known as HideMe.  However, the bad guys are always getting more' property='og:description'>]","['content', 'version', 'inside', 'file', 'SPAM', 'tag', 'code', '<div>', 'specific', 'remove', 'red', 'new', 'malware', 'malicious', 'know']"
Malware Hidden Inside JPG EXIF Headers,"[<Element 'meta' content=""A few days ago, Peter Gramantik from our research team found a very interesting backdoor on a compromised site. This backdoor didn't rely on the normal patterns to hide its content (like base64/gzip encoding), but"" property='og:description'>]","['preg_replace', 'The', 'execute', 'content', 'backdoor', 'used', 'read', 'headers', 'eval', 'compromised', 'This', 'EXIF', '(', 'site.', 'modifier']"
Open Source Backdoor – Copyrighted Under GNU GPL,"[<Element 'meta' property='og:description' content='Malware code can be very small, and the impact can be very severe! In our daily tasks we find a lot of web-based malware that varies in size and impact. Some of the malware is'>]","['GNU', 'Public', 'General', 'This', 'License', 'version', 'software', 'free', 'x86_64', 'Software', 'Free', '*', 'code', 'it.', 'function']"
AdSense Blackmail – Hacking Websites for Profit,"[<Element 'meta' content='We deal with different types of malware injections and compromises everyday and the most common question our clients ask us is, ""Why me? Why my small little site?""    There are so many answers to this question.' property='og:description'>]","['–', 'attacker', 'The', 'want', 'site', 'adsence', 'like', 'dnt', 'website', 'ur', 'u', 'problem', 'money', 'Your', 'In']"
Spam Hack Targets WordPress Core Install Directories,"[<Element 'meta' content='Do you run your website on WordPress? Have you checked the integrity of your core install lately for SPAM like ""Google Pharmacy"" stores or other fake stores?    We have been tracking and analyzing a growing trend' property='og:description'>]","['spam', 'WordPress', 'core', 'We', 'The', 'Google', '–', 'websites', 'used', 'like', 'install', 'final', 'fake', 'If', '“cheap']"
Ask Sucuri: Who is Logging into My WordPress Site?,"[<Element 'meta' content=""Today, we're going to revisit our Q&A series. If you have any questions about malware, blacklisting, or security in general, send them to us at: info@sucuri.net. For all the “Ask Sucuri” answers, go here.        Question: How"" property='og:description'>]","['logging', 'user', 'website', 'WordPress', 'owner', 'auditing', 'access', 'If', 'plugin.', 'like', 'going', 'free', 'control', 'Security', 'It']"
My WordPress Website Was Hacked,"[<Element 'meta' content='Before you freak out, allow me to clarify. It was one of several honeypots we have running. The honeypots are spread across the most commonly employed hosting companies. From Virtual Private Servers (VPS) to shared' property='og:description'>]","['–', 'Website', 'Sucuri', 'I', 'My', 'Hacked', 'Security', 'attacker', 'WordPress', 'Was', 'The', 'security', 'This', 'plugin', 'feature']"
Slider Revolution Plugin Critical Vulnerability Being Exploited,"[<Element 'meta' content='12.17.2014: See more information on the SoakSoak massive malware outbreak resulting from this vulnerability: RevSlider Vulnerability Leads To Massive WordPress SoakSoak Compromise by Daniel Cid      If you need help cleaning a hacked WordPress website, we released' property='og:description'>]","['–', '#', '-', 'WordPress', 'theme', 'vulnerability', 'plugin', 'HTTP/1.1""', '403', '/wp-admin/admin-ajax.php?action=revslider_show_image&img=../wp-config.php', '""GET', 'update', '[02/Sep/2014...]', 'The', 'File']"
Website Security: A Case of SEO Poisoning,"[<Element 'meta' content='There are so many ways your website can be co-opted by hackers for many different reasons, targeting the value created via your SEO is highly attractive. It provides an attacker the opportunity to cheat the' property='og:description'>]","['Vuitton', 'Outlet</a>', '<a', 'search', 'website', 'like', 'SEO', '=', 'Google', ""'Googlebot',"", 'This', '–', '}', '{', 'ranking']"
Combat Black Hat SEO Infections with SEO Insights,"[<Element 'meta' content='Black hat SEO spam is the plague of the internet, and the big search engines take it seriously.    One of the worst spam tactics on the internet is becoming more common every day - innocent websites' property='og:description'>]","['SEO', 'Google', 'website', 'site', 'search', 'spam', 'Search', '–', 'security', 'pages', 'If', 'like', 'keywords', 'You', 'In']"
RevSlider Vulnerability Leads To Massive WordPress SoakSoak Compromise,"[<Element 'meta' content='Yesterday we disclosed a large malware campaign targeting and compromising over 100,000 WordPress sites, and growing by the hour. It was named SoakSoak due to the first domain used in the malware redirection path (soaksoak.ru).    After' property='og:description'>]","['–', 'use', 'We', 'The', '-0500]', '“GET', 'website', 'plugin', 'malware', 'malicious', 'just', 'inject', 'backdoor', 'access', 'WordPress']"
Malware Cleanup to Arbitrary File Upload in Gravity Forms,"[<Element 'meta' content=""During our regular cleanup process we came across a reinfection case that caught our attention.    This particular environment didn't have anything special or fancy, it was an updated WordPress installation and had 3 out-of-date plugins; that's"" property='og:description'>]","['We', 'Gravity', 'Forms', 'set', 'file', 'WordPress', 'It', '=', 'upload', 'update', 'requests', 'This', 'The', 'value', 'uploaded']"
Intro to E-Commerce and PCI Compliance – Part I,"[<Element 'meta' content='Have you ever heard of the term PCI? Specifically, PCI compliance? If you have an ecommerce website you probably have already heard about it, but do you really understand what it means for you and' property='og:description'>]","['PCI', 'Requirement', 'card', 'security', 'data', 'requirements', 'credit', 'cardholder', 'business', 'The', '–', 'information', 'data.', 'access', 'What']"
Understanding WordPress Plugin Vulnerabilities,"[<Element 'meta' content=""When WordPress vulnerabilities are disclosed in plugins, there are often many questions. Some are minor issues, some are more relevant, while others are what we'd categorize as noise. How are you supposed to make sense"" property='og:description'>]","['–', 'vulnerability', 'WordPress', 'The', 'D:', 'score', '3', 'requires', 'SQL', 'How', 'DREAD', 'vulnerabilities', 'role', 'admin', 'Severity:']"
Why Website Reinfections Happen,"[<Element 'meta' content='I joined Sucuri a little over a month ago. My job is actually the Social Media Specialist, but we have this process where regardless of your job you have to learn what website infections look' property='og:description'>]","['website', 'I', 'use', 'help', 'WordPress', 'CMS', 'website,', 'like', 'The', 'website.', 'time', 'sure', 'server', 'security', 'passwords']"
Critical Persistent XSS 0day in WordPress,"[<Element 'meta' content=""*Update 2015-04-27*: A patch has been released and made available by the WordPress Core Team in version 4.2.1 - Please update immediately.     Yes, you've read it right: a critical, unpatched XSS 0day in WordPress' comment"" property='og:description'>]","['patch', 'comments', 'WordPress', 'comment', 'site', 'insert', 'database', 'You', 'tag', 'stored', 'onclick=alert(1)', 'look', 'like', 'leverage', 'isn’t']"
Impacts of a Hack on a Magento Ecommerce Website,"[<Element 'meta' content='Recently we wrote about the impacts of a hacked website and how it is important to give website visitors a safe online experience. In this post, I’ll show you how a hacked website results in' property='og:description'>]","['payment', 'site', 'website', 'card', 'credit', 'You', 'sites', 'security', 'information', 'ecommerce', 'details', 'hackers', 'data', 'code', 'Magento']"
My Website Was Blacklisted By Google and Distributing Email Spam,[<Element 'meta' content='Being blacklisted by Google is one of the worst things that can happen to a website. The public shame coming from every visitor being stopped by the Big Red Warning page can literally destroy any' property='og:description'>],"['I', 'website', 'email', 'websites', 'Your', 'Website', 'The', 'using', 'sending', 'emails', 'blacklisted', 'This', 'My', 'Google', 'website.']"
Website Malware – The SWF iFrame Injector Evolves,"[<Element 'meta' content='Last year, we released a post about a malware injector found in an Adobe Flash (.swf) file. In that post, we showed how a SWF file is used to inject an invisible, malicious iFrame.    It appears' property='og:description'>]","['Flash', 'malicious', 'file', 'WordPress', 'The', 'time', 'sure', 'malware', 'infection', '.SWF', 'websites', 'vendors', 'time,', 'sites', 'similarities']"
Hacked Websites Redirect to Bitcoin,"[<Element 'meta' content='Recently, we began to notice that some hacked websites were\xa0redirecting traffic from certain browsers to the BitCoin site, bitcoin.org. What’s going on? Is Bitcoin using black hat SEO? Is their site malicious?        As you can see,' property='og:description'>]","['TDS', '.6', '.233', 'traffic', 'plugin', 'hacked', 'browsers', 'WordPress', '.', 'vulnerabilities', 'unwanted', 'site', 'known', 'The', 'users']"
How Social Media Blacklisting Happens,"[<Element 'meta' content=""In today's world, we are all browsing websites online and sharing content on a multitude of social media platforms every day. Worldwide social media users exceeded 2 billion back in August 2014, with an adoption"" property='og:description'>]","['social', 'security', 'media', 'users', 'malware', 'URL', 'link', 'Facebook', 'protect', 'malicious', 'links', 'The', 'Social', 'In', 'websites']"
JetPack and TwentyFifteen Vulnerable to DOM-based XSS,"[<Element 'meta' content='Any WordPress Plugin or theme that leverages the genericons package is vulnerable to a DOM-based Cross-Site Scripting (XSS) vulnerability due to an insecure file included with genericons. So far, the JetPack plugin (reported to have' property='og:description'>]","['XSS', 'WordPress', 'file', 'vulnerable', 'theme', 'plugin', 'The', 'DOM-based', 'vulnerability', 'virtually', 'genericons', 'example.html', 'client', 'attack', 'In']"
Magento Platform Targeted By Credit Card Scrapers,"[<Element 'meta' content='We’ve been writing a lot about ecommerce hacks and PCI Compliance recently. The more people buy things online, the more of an issue this will be come and the more important it will be to' property='og:description'>]","['attacker', 'The', 'it’s', 'data', '–', 'file', 'Magento', 'In', 'used', 'code', 'This', 'POST', 'variable', 'use', 'stolen']"
Your Website’s Been Hacked But No Signs of Infection,"[<Element 'meta' content='Imagine for a moment you suspect that your website has been hacked. Something is off, but you feel as if you are missing what that something is. Paranoia can grip you once you recognize that' property='og:description'>]","['–', 'I', 'website', 'This', 'user', 'good', 'time', 'attacker', 'If', 'important', 'able', 'The', 'various', 'using', 'security']"
Webutation Distributing Malware Through Safety Badge,"[<Element 'meta' content=""If you are using the Webutation badge on your site, remove it now. It appears they got hacked and are distributing malware to mobile devices through redirects hidden within the badge's code.    We were analyzing a"" property='og:description'>]","['badge', 'mobile', 'website', 'malware', 'bogus', 'This', 'The', '–', 'visitors', 'using', 'user', 'security', 'remove', 'redirects', 'pushes']"
Ask Sucuri: How Did My WordPress Website Get Hacked? – A Tutorial,"[<Element 'meta' content=""With the proliferation of Infrastructure and Platform as a Service providers, it is no surprise that a majority of today's websites are hosting in the proverbial cloud. This is great because it allows organizations and"" property='og:description'>]","['188.163.91.92', '""GET', 'logs', 'I', '-', '|grep', 'If', '""POST', 'website', 'log', 'This', 'The', '$', 'cat', 'access']"
Analyzing Black Hat URL Shorteners,[<Element 'meta' content='Hackers are known to use URL shortening services to obfuscate their real landing pages. It’s very effective in clickbait scams on social networks. Some hackers think that using URL shorteners in site injections makes it' property='og:description'>],"['URL', 'services', 'strpos($server_referer,', 'The', 'spam', 'shortened', 'site', 'shortening', 'links', 'Pharma', '.org', '}', '{', 'website', 'using']"
Analyzing Popular Layer 7 Application DDoS Attacks,"[<Element 'meta' content='Distributed Denial of Service (DDoS) attacks have been a major concern for website owners for a while. All types of sites, from small to big, have been taken down and kept offline because of them.' property='og:description'>]","['attacks', 'HTTP', 'DDoS', 'The', 'requests', 'attack', 'We', 'IP', 'web', 'amplification', 'server', 'handle', 'attacker', '1', 'small']"
Phishing for Anonymous Alligators,[<Element 'meta' content='Everyone has encountered phishing at some point - fake emails and web pages designed to look legitimate. This tactic is becoming more popular as attackers are learning how to produce new and convincing phishing lures.    You' property='og:description'>],"['phishing', 'document', 'Google', 'people', 'Drive', 'visitors', 'shared', 'login', 'This', 'script', 'email', 'documents', 'I', '–', 'redirect']"
Security Advisory: Stored XSS in Akismet WordPress Plugin,"[<Element 'meta' content='During a routine audit for our WAF, we discovered a critical stored XSS vulnerability affecting Akismet, a\xa0popular\xa0WordPress plugin deployed by millions of installs.      Vulnerability Disclosure Timeline:     \tOctober 2nd, 2015 – Bug discovered, initial report to Automattic\xa0security' property='og:description'>]","['<abbr', 'new', 'title=\'""', 'inside', 'attribute', 'title', 'href', 'WordPress', '–', 'using', 'tag', 'like', 'double-quoted', 'We', 'October']"
Return of the EXIF PHP Joomla Backdoor,"[<Element 'meta' content='Our Remediation and Research teams are in constant communication and collaboration. It’s how we stay ahead of the latest threats, but it also presents an opportunity to identify interesting threats that aren’t new but may' property='og:description'>]","['EXIF', 'data', 'malicious', 'The', '–', 'image', 'file', 'code', 'JPG', 'post', 'logo', 'loaded', 'interesting', 'application.php', 'This']"
vBulletin Exploits in the Wild,"[<Element 'meta' content='**Update: CheckPoint disclosed more details here: Check Point Discovers Critical vBulletin 0-Day.    The vBulletin team patched a serious object injection vulnerability yesterday, that can lead to full command execution on any site running on an out-of-date' property='og:description'>]","['vBulletin', 'vulnerability', 'exploit', 'The', 'patch', 'If', '–', 'sites', 'site', 'protected', 'profile', 'high', 'attempts', 'attacker', 'We']"
Increased Popularity in DDoS Extortion Campaigns,"[<Element 'meta' content='Over the past few months, our security operations group have identified and mitigated an increasing number of DDoS attacks tied to extortion attempts from different cyber crime groups, including DD4BC, Armada Collective and a few' property='og:description'>]","['DDoS', 'attack', 'pay', 'extortion', 'ransom', 'attempts', 'This', '–', 'stop', 'small', 'sites', 'just', 'increase', 'attacks', 'BTC']"
Server Security: OSSEC Updated With GeoIP Support,"[<Element 'meta' content='We leverage\xa0OSSEC extensively to help monitor and protect our servers. If you are not familiar with OSSEC, it is an open source Host-Based Intrusion Detection System (HIDS); it has a powerful correlation and analysis engine' property='og:description'>]","['#', 'OSSEC', 'daniel', 'If', 'GeoIP', 'IP', 'Dec', 'wget', 'support', '6', '13:28:26', '/', '$', 'sshd[22031]:', 'root']"
Critical 0-day Remote Command Execution Vulnerability in Joomla,"[<Element 'meta' content='Nov 2016 Update: If you need to clean your hacked Joomla site, we have released a new free guide to show you how to identify and remove hacks.  Read the Guide!  The Joomla security team have just' property='og:description'>]","['If', 'Joomla', 'vulnerability', 'site', 'Dec', 'versions', 'using', 'update', 'We', 'This', '74.3.170.33', '/', 'wild', 'team', 'security']"
Ransomware Strikes Websites,[<Element 'meta' content='Ransomware is one of the most insidious types of malware that one can come across. These infections will encrypt all files on the target computer as well as any hard drives connected to the machine' property='og:description'>],"['website', 'files', 'websites', 'Ransomware', 'site', 'ransomware', 'malware', 'infected', 'The', 'If', 'using', 'sites', 'infections', 'hosting', 'encrypt']"
Server Security: OSSEC Integrates Slack and PagerDuty,"[<Element 'meta' content='We leverage\xa0OSSEC extensively to help monitor and protect our servers. If you are not familiar with OSSEC, it is an open source Intrusion Detection System (HIDS); it has a powerful correlation and analysis engine that' property='og:description'>]","['OSSEC', 'Slack', 'PagerDuty', 'new', 'alert', 'API', 'using', 'service', 'rule', 'key', 'integration', 'following', 'enable', 'alerts', 'add']"
Investigating a Compromised Server with Rootcheck,"[<Element 'meta' content='heWhat do you do if you suspect your server (VPS or dedicated) has been compromised? If you are a customer, you have the option to leverage our team to perform the incident response on your' property='og:description'>]","['/', 'Rootcheck', '[INFO]:', '$', '–', 'srcip:', 'Web', '**', 'server', 'malware', 'USA', 'System', 'It', 'If', 'File:']"
Server Security: Import WordPress Events to OSSEC,"[<Element 'meta' content='We leverage\xa0OSSEC extensively to help monitor and protect our servers. If you are not familiar with OSSEC, it is an open source Intrusion Detection System (HIDS); it has a powerful correlation and analysis engine that' property='og:description'>]","['WordPress', 'log', 'OSSEC', 'visibility', 'plugin', 'management', 'file', 'audit', 'administrators', 'Security', 'Log', 'I', 'security', 'latest', 'help']"
Ask Sucuri: How Does Sucuri Clean a Website?,"[<Element 'meta' content='Question: How does Sucuri clean hacked websites?\xa0What is the process?  We clean a lot of websites, ~\xa0400 / 500, daily during our normal load. To understand how we do it, you have to understand where it' property='og:description'>]","['The', 'website', 'process', 'This', 'We', 'known', 'work', 'websites', 'remediation', 'it’s', 'tools', 'process.', 'owners', 'like', 'issues.']"
Server Security: Indicators of Compromised Behavior with OSSEC,"[<Element 'meta' content='We leverage\xa0OSSEC extensively here at Sucuri to help monitor and protect our servers. If you are not familiar with OSSEC, it is an open source Intrusion Detection System (HIDS); with a powerful correlation and analysis' property='og:description'>]","['user', 'OSSEC', 'logins', 'different', 'successful', 'security', 'I', 'user1', 'rule', 'alert', 'If', 'login', 'The', 'Successful', 'It']"
SEO Spam Technique Designed to Avoid Detection,"[<Element 'meta' content='Ten years ago the internet looked very different than it does now. Today, web designers have more options and standards to make a website stand out. Do you recall when most sites used clashing colors,' property='og:description'>]","['–', 'spam', 'I', 'pretty', 'detection', 'This', 'white', 'websites', 'way', 'piece', 'keywords', 'it’s', 'detect', 'appear', 'apparent']"
Sucuri Firewall: Free LetsEncrypt SSL Certs for Everyone,"[<Element 'meta' content=""Update: We have release a free guide on how to get SSL on your site even if you are not a Sucuri customer.    Last year we partnered and sponsored the LetsEncrypt initiative. Today we're happy to"" property='og:description'>]","['HTTPS', 'website', 'If', 'This', 'SSL', 'security', 'secure', 'use', 'support', 'customers', 'communication', 'We', 'Sucuri', 'LetsEncrypt', 'step']"
Troubleshooting Mixed Content Warnings with HTTPS,[<Element 'meta' content='Update: We have created a guide to help website owners learn how to implement SSL on websites for free.    Much of the web continues to march towards creating secure communications between devices through the use of' property='og:description'>],"['HTTPS', 'website', 'If', 'tool', 'This', 'SSL', 'I', 'HTTP', '=', '–', 'website.', 'using', 'things', 'search', 'make']"
Website Ransomware – CTB-Locker Goes Blockchain,"[<Element 'meta' content='During the last couple of years, website ransomware has become one of the most\xa0actively developing types of malware.\xa0After infamous fake anti-viruses, this it the second most prominent wave of malware that makes money by directly' property='og:description'>]","['CTB-Locker', 'BTC', 'Bitcoin', '0.0001', 'transaction', 'encrypted', 'The', 'version', 'ransomware', 'pay', 'blockchain', 'This', 'website', 'transactions', 'ransom']"
Ask Sucuri: What is an XSS Vulnerability?,[<Element 'meta' content='Question: What is an XSS vulnerability? Should I be concerned about an XSS vulnerability?  XSS (short for Cross-Site Scripting) is a widespread vulnerability that affects many web applications. The danger behind XSS is that it allows' property='og:description'>],"['XSS', 'I', '–', 'website', 'code', 'browser', 'server', 'payload', 'occurs', 'user', 'it’s', 'stored', 'page.', 'like', 'gets']"
Analyzing ImageTragick Exploits in the Wild,"[<Element 'meta' content=""Three days ago the ImageMagic (also known as, ImageTragick) vulnerability was released to the world. We've been actively monitoring this vulnerability, and have discovered a few different attacks targeting it. Interestingly enough, the attacks themselves"" property='og:description'>]","['vulnerability', 'exploit', 'mass', 'file', 'descr:', 'We', 'This', 'image', 'different', 'attacks', 'attackers', 'attacker', 'In', '–', 'you’d']"
Finding Conditional Drupal Database Spam,"[<Element 'meta' content=""Nobody likes spam. It's never fun (unless you're watching Monty Python). For us it comes with the territory; removing SEO spam has been at the core of what we deal with since our inception, giving"" property='og:description'>]","['spam', 'site', 'code', 'Drupal', 'website', 'using', 'malicious', 'function', 'The', 'variable', 'specific', 'spam.', 'quick', 'instance', 'including']"
ImageMagick Remote Command Execution Vulnerability,"[<Element 'meta' content='ImageMagick is a popular software used to convert, edit and manipulate images. It has libraries for all common programming languages, including PHP, Python, Ruby and many others. It is also very simple to use, which' property='og:description'>]","['file', 'vulnerability', 'image', 'rights=""none""', 'domain=""coder""', 'command', 'attacker', '<policy', '/>', 'simple', 'ImageMagick', 'using', 'research', 'developers', 'When']"
Nulled WordPress Themes: Malvertising and Black Hat SEO,"[<Element 'meta' content='If you have been following our blog for some time, you know that we regularly warn about risks\xa0associated with the use of third-party software on your site. A benign plugin may sneakingly inject ads into' property='og:description'>]","['site', 'code', 'software', 'sites', 'ads', 'The', 'links', 'premium', 'This', 'use', 'spammy', 'plugins', 'install', 'injected', 'infected']"
PCI for SMB: Requirement 1- Install and Maintain a Firewall,"[<Element 'meta' content='If you have an ecommerce website, allowing you to accept credit cards on your site, PCI compliance should not be a new concept or term. PCI DSS (Payment Card Industry – Data Security Standard) is' property='og:description'>]","['PCI', 'access', 'iptables', 'firewall', 'requirements', 'requirement', 'cardholder', '-j', 'server', 'security', 'secure', 'payment', 'document', 'We', 'In']"
Secure Coding: How to Account for Input Sanitization,"[<Element 'meta' content=""On average, a website leverages around 18-20 different plugins in its structure. These plugins enhance the website's functionality and in some instances extend the applications core capabilities.    It’s great for website owners because they can pick"" property='og:description'>]","['=', 'code', '}', '{', '…', 'website', 'set', 'different', 'I', '$act', 'prevent', 'plugins', 'input', 'data', 'check']"
Security Advisory: Stored XSS in bbPress,"[<Element 'meta' content='During regular research audits of our Sucuri Firewall, we discovered a Stored XSS vulnerability affecting the bbPress plugin for WordPress which is currently installed on 300,000 live websites - one of them being the popular' property='og:description'>]","['bbPress', 'This', '–', 'hyperlink', 'user', 'mentions', 'malicious', 'Sucuri', 'HTML', '2016', 'you’re', 'yes,', 'vulnerability', 'user’s', 'team']"
Security Advisory: Stored XSS in Jetpack,"[<Element 'meta' content='During regular research audits for our Sucuri Firewall (Cloud WAF), we discovered a stored XSS vulnerability affecting the WordPress Jetpack plugin, currently installed on more than a million WordPress sites. The vulnerability can be easily' property='og:description'>]","['vulnerability', 'Jetpack', '–', 'containing', 'comment', 'The', 'Sucuri', 'May', 'As', '2016', 'you’re', 'vulnerable', 'update', 'title', 'team']"
The Growing DDoS Threat to Website Owners,"[<Element 'meta' content='As website attacks continue to evolve, we see growing levels of sophistication in the way attackers are expanding the economics of their industry. The monetization potential of attacking websites continues to grow exponentially as more' property='og:description'>]","['website', 'attacks', 'owners', 'The', '–', 'online', 'availability', 'attacks.', 'This', 'Service', 'Denial', 'websites', 'server', 'security', 'address']"
PCI Compliance for eCommerce – Choosing Between SAQ A and A-EP,"[<Element 'meta' content='The Payment Card Industry Data Security Standards (PCI DSS) is a set of security standards established in a joint venture between a number of the top credit card issuers in the world - Visa, MasterCard,' property='og:description'>]","['SAQ', 'service', 'website', 'credit', 'This', 'PCI', 'Will', 'How', 'use', 'specifically', 'form', 'ecommerce', 'data', '–', 'specific']"
200k+ Parked/Expired Domains Used to Distribute Malicious Ads,"[<Element 'meta' content='Recently we wrote about domain renewal scams that used real paper letters to tricks site owners into transferring their domains and renewing them for 3-4x the normal price. However, this is not the only way' property='og:description'>]","['site', 'domain', 'third-party', 'images', 'image', 'domains', 'ads', 'site.', 'server', 'parked', 'ads.', '–', 'theme', 'security', 'post']"
WP Mobile Detector Vulnerability Being Exploited in the Wild,"[<Element 'meta' content=""***Update: The WP Mobile Detector plugin has been patched to address the vulnerability. Please update as soon as possible. Note that the latest version don't fully address the issue and we contacted the developer try"" property='og:description'>]","['plugin', 'The', 'vulnerability', '-', 'upload', 'sites', 'inside', 'infected', 'fix', 'directory', 'cache', 'WordPress', 'May', '...skipped…', 'vulnerability.']"
Fake FreeDNS Used to Redirect Traffic to Malicious Sites,"[<Element 'meta' content='During the last couple of days, we performed a few similar cleanup requests where sites occasionally redirected visitors to malicious sites that displayed ads, spam, and malicious downloads. One of our security analysts, Andrey Kucherov,' property='og:description'>]","['Registrant', 'domains', 'servers', 'domain', 'DNS', 'registered', 'Domain', '–', '213', '163', '.184', '.126.', 'settings', 'server', 'resolved']"
Realstatistics Malware Campaign Leads To Ransomware,"[<Element 'meta' content='Our\xa0Incident Response Team (IRT) has been tracking a mass infection campaign over\xa0the last two weeks\xa0( codenamed ""Realstatistics""). This campaign has compromised thousands of websites built on the Joomla! and WordPress Content Management System (CMS).    We have' property='og:description'>]","['sites', 'campaign', 'If', 'site', 'compromised', 'The', 'malware', 'likely', 'This', 'used', 'thousands', 'scanner', 'We', 'SiteCheck', 'Google']"
New Realstatistics Attack Vector Compromising Joomla Sites,"[<Element 'meta' content=""Nov 2016 Update: If your Joomla site has been hacked, you can follow our guide to fixing it.  Read the Guide!  Over the past few weeks we've seen a large number of Joomla websites compromised with the"" property='og:description'>]","['Joomla', '-', 'new', 'vulnerability', 'vector', 'successful', 'payload', 'backdoor', 'attempts', 'This', 'website', 'variation', 'using', 'sites', 'site']"
PCI for SMB – Requirement 2- Do Not Use Defaults,"[<Element 'meta' content='If you have an ecommerce website and you accept credit cards from your clients, you probably already heard of the term PCI compliance.    PCI DSS (Payment Card Industry – Data Security Standard) is a standard containing' property='og:description'>]","['PCI', 'Install', 'server', 'This', 'If', 'use', 'security', 'web', 'requirement', 'hardening', 'Magento', '(i.e.,', 'steps', 'running', 'install']"
Analyzing and Cleaning Hijacked Google SEO Spam Results,"[<Element 'meta' content='Blackhat SEO spam comes in many forms, and one of the most nefarious is hijacked search results. This happens when search engines crawl and display unwanted content in the title and description of infected web' property='og:description'>]","['file', 'This', 'WordPress', 'website', 'spam', 'files', 'data', 'search', 'pornographic', 'I', 'use', 'malicious', 'files,', 'engine', 'attacker']"
Ask Sucuri: How Modern Web Phishing Works,"[<Element 'meta' content='Most of us have experienced some kind of phishing attempt in our online lives, and we have seen phishing grow in complexity. Usually, we notice that the login pages are crafted to convince users they' property='og:description'>]","['phishing', 'The', 'page', 'login', 'information', 'website', 'time', 'site', 'attackers', 'In', 'If', 'used', 'sent', 'owners', 'logging']"
A Plugin’s Expired Domain Poses a Security Threat to Websites,"[<Element 'meta' content='Do you keep all of your website software (including third-party themes, plugins, and components) up to date? You should! We always recommend this to our clients and readers. Applying updates quickly will make sure that' property='og:description'>]","['domain', 'plugin', 'domains', 'software', 'site', 'expired', 'The', 'used', 'parked', 'servers', 'changed', 'This', '–', 'web', 'third-party']"
SQL Injection Vulnerability in Ninja Forms,"[<Element 'meta' content='As part of our regular research audits for our Sucuri Firewall, we discovered an SQL Injection vulnerability affecting the Ninja Forms plugin for WordPress, currently installed on 600,000+ websites.  Vulnerability Disclosure Timeline:     \tAugust 11th 9:35 am,' property='og:description'>]","['SQL', 'vulnerability', 'WordPress', 'using', 'user', '–', 'used', 'snippet', 'shortcodes', 'shortcode', 'request', 'like', 'it’s', 'function', 'exploit']"
Cleaning the Wp-Page Pharma Hack in WordPress,"[<Element 'meta' content='Pharma hacks are common website infections categorized under SEO spam. With pharma hacks, the attacker exploits vulnerable websites to distribute pharmaceutical content to search engines and the sites visitors.\xa0Symptoms of a pharma hack include embedded' property='og:description'>]","['file', 'The', 'spam', 'site', 'pharma', 'wp-page.php', 'search', 'Google', 'nav.php', 'content', 'We', 'This', 'website', 'theme', 'specific']"
Hacking WordPress Sites on Shared Servers,"[<Element 'meta' content='A website is only as safe as the weakest link on its shared server. Once a hacker gains access to one site on the server, they can easily infect other sites that share the same' property='og:description'>]","['site', 'database', 'WordPress', 'server', 'sites', 'echo', 'wp-config.php', ':', 'This', 'credentials,', 'The', '""[+]', 'web', 'script', 'hackers']"
What is the Status of IPv6 Adoption?,"[<Element 'meta' content='The internet is a complex ecosystem of interconnected devices, and at its core is the Internet Protocol (IP). This protocol is currently in its second major incarnation (IPv6) but many are only familiar with IPv4.' property='og:description'>]","['IPv6', 'IPv4', 'I', 'IP', 'sites', 'need', 'it.', 'enable', 'addresses', 'webmasters', 'support', 'internet', 'This', 'The', 'If']"
SSH Brute Force Compromises Leading to DDoS,[<Element 'meta' content='A few weeks ago we ran an experiment to see how long it would take for some IPv4-only and  IPv6-only servers to be compromised via SSH brute force attacks.    We configured five cloud servers on' property='og:description'>],"['We', 'servers', 'The', 'DDoS', 'server', 'ls', 'attacks.', 'SSH', 'python', 'long', 'hacked', 'experiment', 'IPv6', 'wget', 'used']"
Accounting for Defense in Depth in Website Security,"[<Element 'meta' content='In the field of Information Security (InfoSec) we like to use the phrase defense in depth. Like many things, it is a borrowed term with roots dating back millennia (216 B.C. - the second Punic' property='og:description'>]","['depth', 'defense', 'strategy', 'security', 'tools', 'strategy.', 'organization', 'designed', 'defensive', 'website', 'used', 'use', 'tool', 'term', 'subscribe']"
Ask Sucuri: Is My Website Hacked?,"[<Element 'meta' content='Having your website hacked can be a devastating experience for any website owner. Unfortunately, many website owners rarely know they are infected until days, if not weeks, after the compromise has occurred. Their notification comes' property='og:description'>]","['website', 'tools', 'number', 'monitoring', 'scanners', '–', 'I', 'things', 'site', 'different', 'change', 'actions', 'This', 'These', 'The']"
Details on the Privilege Escalation Vulnerability in Joomla,"[<Element 'meta' content='Yesterday, Joomla! 3.6.4 was released, patching a critical privilege escalation and arbitrary account creation vulnerability.    As we’ve seen some exploits attempts occurring in the wild, we feel it is a good time to describe what the' property='og:description'>]","['method', 'register', 'user', 'As', '–', 'code', 'account', 'This', 'The', '$data', 'validate', 'user.', 'privilege', 'pretty', 'parameters']"
Joomla Exploits in the Wild Against CVE-2016-8870 and CVE-2016-8869,"[<Element 'meta' content='Exactly 3 days ago, the Joomla team issued a patch for a high-severity vulnerability that allows remote users to create accounts and increase their privileges on any Joomla site. Both issues combined give the attackers' property='og:description'>]","['Joomla', 'site', 'vulnerability', 'started', 'IP', 'mass', 'look', 'initial', 'exploit', 'trying', 'db_cfg', 'If', '=', 'upload', 'updated']"
Malicious WordPress Subdirectory Installs For SEO Spam,"[<Element 'meta' content='Remediating over 500 infected sites per day, we see attacks executed at varying levels of complexity. The tactics attackers use to compromise a site provide insight into their motives.    Some write elegant code and cover their' property='og:description'>]","['spam', 'WordPress', 'used', 'sites', 'The', 'In', '–', 'website', 'spammy', 'site', 'attackers', 'SEO', 'site’s', 'site.', 'search']"
Ask Sucuri: Can Your cPanel Page Be Maliciously Redirected?,"[<Element 'meta' content='Many webmasters may not be aware that hackers are able to maliciously redirect cPanel pages. The specific tactic we describe in this article is unique. Included are recommendations to prevent it, along with other suspicious' property='og:description'>]","['cPanel', 'I', 'WHM', 'website', 'access', 'malicious', 'hosting', 'This', 'web', 'using', 'redirect', 'The', 'users', 'host', 'xxx']"
IPv4 vs IPv6 Performance Comparison – Part 2,"[<Element 'meta' content='A few months ago, we posted an article about the difference between IPv4 and IPv6. Our research team has expanded on those findings with additional performance tests, more domains, and more locations.    In addition to assessing' property='og:description'>]","['IPv4', '–', 'Figure', 'difference', 'We', 'total', 'Time', 'IPv6', 'test', 'The', 'IPv6.', 'time', 'stability', 'statistical', 'differences']"
Exploited Script in WordPress Theme Sends Spam,"[<Element 'meta' content='Update 11/03/2017:    If you want to learn how to secure WordPress, you can read all about it in our new guide.  As WordPress continues to grow in popularity, so does its library. New and experienced developers are' property='og:description'>]","['security', 'using', 'themes', 'script', 'WordPress', 'If', 'used', 'theme', 'premium', 'issue', 'file', 'direct', 'code', 'checks', 'access']"
How Scammers Abuse Baidu Search Results,"[<Element 'meta' content='If you use Skype, recently you may have received\xa0Baidu link spam from some of your contacts. The links look like this:  www.baidu[.]com/link?url=_QIcrpeV-oOPb6HGTgigvW00e0fiBQyFjSui12FrARO#emubahyt=  When you click these\xa0links you end up on fake news sites with articles about a' property='og:description'>]","['Baidu', '–', 'links', 'link', 'created', 'Nov', '2016', 'Skype', 'redirect', 'new', 'interstitial', 'search', 'don’t', 'malicious', 'like']"
PrestaShop Attack Steals Login Credentials,"[<Element 'meta' content='Attackers compromise sites with a number of goals in mind - also referred to as actions on objective. In some instances they aim to abuse resources or gain SEO power, and in others they are' property='og:description'>]","['attackers', 'sensitive', 'file', 'email', 'In', '=>', '}', 'victim’s', 'used', 'technique', 'server', 'injected', 'good', 'gain', 'ecommerce']"
Fake bb_press Plugin Redirects to Mobile Pornography,"[<Element 'meta' content='When a website is hacked, we often find that attackers have injected multiple backdoors, web shells, and malicious code that allows them to regain access if the original vulnerability is patched. This allows hackers to' property='og:description'>]","['*', '=', 'bbPress', 'website', 'public', 'static', ');', 'file', 'const', 'This', 'The', 'Plugin', 'plugin', 'malicious', 'forum']"
vBulletin Malware – When Hackers Compete for Backdoor Control,"[<Element 'meta' content='A common pattern we see in compromised websites is the presence of backdoors and other malicious code. \xa0During Q3 of 2016, we found that 72% of all compromises that we encountered had a PHP-based backdoor' property='og:description'>]","['vBulletin', 'plugin', 'code', 'site', 'shell', 'malicious', 'hackers', 'This', 'The', 'In', 'website', 'site.', 'look', 'it’s', 'database']"
Website Malware Targets Mobile Platforms,"[<Element 'meta' content='Navigating the web on a mobile device can be tricky even when you’re browsing clean sites. If hackers are involved, the frustration of a pop-up can turn into the dangerous possibility of harmful mobile malware.    The' property='og:description'>]","['mobile', 'visitors', 'malware', 'If', 'website', 'site', 'you’re', 'browsing', 'accessing', 'Installation', 'web', 'victims', 'unwanted', 'sites.', 'redirects']"
Content Injection Vulnerability in WordPress,"[<Element 'meta' content='As part of a vulnerability research project for our Sucuri Firewall (WAF), we have been auditing multiple open source projects looking for security issues. While working on WordPress, we discovered a severe content injection' property='og:description'>]","['WordPress', 'This', 'ID', 'vulnerability', 'post', '–', 'request', 'REST', 'site.', 'parameter', 'enabled', 'content', 'We', 'way', 'user']"
WordPress Security – Fake TrafficAnalytics Website Infection,"[<Element 'meta' content='Several months ago, our research team identified a fake analytics infection, known as RealStatistics. The malicious Javascript injection looks a lot like tracking code for a legitimate analytics service. RealStatistics even set up fake analytics' property='og:description'>]","['The', 'tool', 'WordPress', 'websites', 'using', 'script.', 'malicious', 'campaign', 'analytics', 'website', 'tools', 'team', 'sites.', 'server', 'page']"
JavaScript Injections Leads to Tech Support Scam,"[<Element 'meta' content='During a recent malware investigation, we found some interesting obfuscated Javascript code. This code pretends to appear as part of the popular AddThis social sharing plugin, using it in URL naming conventions and an image' property='og:description'>]","['malware', 'The', 'This', 'malicious', 'image', 'file', 'code', 'PNG', 'website', 'support', 'payload', 'page', 'function', 'files', 'browser']"
Joomla Security – Pornography Spam Campaign in the Wild,"[<Element 'meta' content='One of the worst experiences for a website owner is finding out that the search results for your site have turned into a pharmacy, a fashion outlet, or even a porn dump.    Those unwanted keywords are' property='og:description'>]","['Joomla', 'This', 'spam', 'site', 'blackhat', 'websites', 'website', 'like', 'SEO', '=', '$data', '–', 'time', 'search', 'redirects']"
SQL Injection Vulnerability in NextGEN Gallery for WordPress,"[<Element 'meta' content='As part of a vulnerability research project for our Sucuri Firewall (WAF), we have been auditing multiple open source projects looking for security issues. While working on the WordPress plugin NextGEN Gallery, we discovered a' property='og:description'>]","['SQL', 'This', 'input', 'user', 'string', 'format', 'WordPress', 'vulnerability', 'query', 'When', 'NextGEN', 'If', 'From', 'vsprintf', 'source']"
WordPress REST API Vulnerability Abused in Defacement Campaigns,"[<Element 'meta' content='WordPress 4.7.2 was released two weeks ago, including a fix for a severe vulnerability in the WordPress REST API. We have been monitoring our WAF network and honeypots closely to see how and when the' property='og:description'>]","['We', 'IP', 'attempts', 'This', 'Google', 'vulnerability', 'defacers', 'WordPress', 'Campaign', 'update', 'sharing', 'pages', 'it:', 'issue', 'hours']"
Bank Phishing Incident Analysis,"[<Element 'meta' content='Everyone has received a phishing scam via email at one point or another. Thanks to modern anti-spam technology, most of these messages are blocked from ever reaching our inboxes.    I said most of them. Today I' property='og:description'>]","['site', 'used', '–', 'vulnerable', 'phishing', 'The', 'send', 'security', 'message', 'Brazilian', 'website', 'use', 'know', 'image', 'hacked']"
GoDaddy+= Sucuri: Building a Security Platform For Every Website Owner,[<Element 'meta' content='Authored by Daniel & Tony    We are happy to announce that as of today Sucuri will be joining the GoDaddy family.    This acquisition will bring the best of both worlds. It will allow us to expand our' property='og:description'>],"['continue', 'Sucuri', 'customers.', 'What', 'We', 'GoDaddy', '–', 'website', 'things', 'product', 'invest', 'improvements', 'goal', 'expect', 'enterprise-grade']"
Labs Notes Monthly Recap – Feb/2017,"[<Element 'meta' content='Every month we recap the latest posts on Sucuri Labs, written by our Malware Research Team (MRT) and Incident Response Team (IRT).    The Sucuri Labs website provides technical analysis and industry updates directly from our teams' property='og:description'>]","['Read', 'More', 'sites', 'hacked', 'using', 'spam', 'site', 'malicious', 'website', 'We', 'page', 'malware', 'file', 'This', 'The']"
Malicious Subdirectories Strike Again,"[<Element 'meta' content='In a previous post, we illustrated how attackers were fetching information from compromised sites under their control to display spam content on other hacked websites. By adding malicious files into a directory and using the' property='og:description'>]","['=', '}', '{', 'website', 'content', 'This', '$ip', 'spam', 'essay', 'used', 'attackers', 'security', 'script', 'malicious', 'information']"
SEO Spam Campaign Exploiting WordPress REST API Vulnerability,"[<Element 'meta' content='Just over a week ago, WordPress released version 4.7.3 to patch multiple security issues. Despite the automatic update feature provided by many hosting companies, there are still many WordPress websites that have not been updated.' property='og:description'>]","['sites', 'WordPress', 'spam', 'site', 'posts', 'vulnerability', 'doorway', 'links', 'content', 'The', 'REST', 'API', 'movie', 'fake', 'This']"
Spotting a Hidden SEO Hack: “Play One”,"[<Element 'meta' content='SEO hacks continue to plague websites as attackers abuse SERP rankings for their own gain. The time and effort spent by the website owner creating content, optimizing pages and building links is stolen by an' property='og:description'>]","['spam', 'complex', 'SEO', 'it’s', 'inside', 'code', 'The', '<div>', '“numeric”', '–', 'websites', 'website', 'visitors', 'used', 'use']"
Stored XSS in WordPress Core,"[<Element 'meta' content='As you might remember,\xa0we recently blogged about a critical Content Injection Vulnerability in WordPress\xa0which allowed attackers to deface vulnerable websites. While our original disclosure only described\xa0one vulnerability, we actually reported two to the WordPress team.' property='og:description'>]","['post', 'WordPress', 'In', 'vulnerability', 'This', 'shortcode', 'like', 'XSS', 'this,', 'site', 'regular', 'patched', 'malicious', 'injection', 'function']"
Testing the Impacts of Website Caching Tools,"[<Element 'meta' content='Try to remember what you ate for lunch yesterday.    It took you about 3-5 seconds, right?    Ok. Now recall that memory once more.    Took you less than a second this time, for sure.    You remembered much faster the second' property='og:description'>]","['–', 'Firewall', 'Sucuri', 'The', 'server', 'WordPress', 'test', 'cache', 'Caching', 'concurrent', 'caching', '20', 'content', 'website', 'results']"
vBulletin Used to Show Malicious Advertisements,"[<Element 'meta' content='In the past, we have seen a massive amount of vBulletin websites compromised through the VBSeo Vulnerability. Attackers have been infecting vBulletin websites since 2012 with this malware, and more recently with a new variation' property='og:description'>]","['=', 'vBulletin', 'code', '–', 'var', 'script', 'new', 'malicious', 'We', 'This', 'The', 'IP', '0]);', 'www.YourSite.com', 'websites']"
Labs Notes Monthly Recap – Mar/2017,"[<Element 'meta' content='Every month we recap the latest posts on Sucuri Labs, written by our Malware Research Team (MRT) and Incident Response Team (IRT).    Sucuri Labs provides website malware research updates directly from our teams on the front' property='og:description'>]","['website', 'malicious', 'Read', 'More', 'visitors', 'redirect', 'WordPress', 'using', 'used', 'file,', 'create', 'attacker', 'Yuliyan', 'Tsvetkov', 'The']"
Malicious Image Defacement Hidden from Search Engines,"[<Element 'meta' content='After carefully designing a theme and images that represent your brand, nothing is worse than seeing a malicious image suddenly associated with your business or website.    In a recent blog post, we discussed a case in' property='og:description'>]","['website', 'used', 'malicious', 'image', 'security', 'defacement', 'attacker', 'search', 'malware', 'issue', 'images', 'identify', 'hacker', 'files', 'defacements']"
Ask Sucuri: What is the Principle of Least Privilege?,"[<Element 'meta' content='If you own a website and collaborate with others, the principle of least privilege should never be questioned. It is a computer science principle which has applications and benefits to strengthen your website security posture.    This' property='og:description'>]","['privileges', 'The', 'role', 'website', 'security', 'principle', 'help', 'If', 'important', 'access', 'This', 'user', 'use', 'time', 'perform']"
WordPress Security – Unwanted Redirects via Infected JavaScript Files,[<Element 'meta' content='We’ve been watching a specific WordPress infection for several months and would like to share details about it.    The attacks inject malicious JavaScript code into almost every .js file it can find. Previous versions of this' property='og:description'>],"['-', 'vs', 'files', 'code', 'In', 'x64;', 'Win64;', 'NT', 'HTTP/1.0""', 'Gecko/20100101', '10.0;', '+0800]', '(Windows', '""Mozilla/5.0', 'malware']"
Labs Notes Monthly Recap – Apr/2017,"[<Element 'meta' content='This month, our Malware Research and Incident Response teams wrote about several malware techniques that attempt to evade detection by focusing on small changes that website owners might miss. Examples include typos in domain names,' property='og:description'>]","['website', '–', 'WordPress', 'hackers', 'We', 'This', 'Read', 'More', 'CloudFlare', 'webmasters.', 'teams', 'shows', 'scripts', 'related', 'malware']"
New Non-HTTPS Websites Blacklisted for Phishy Password Practices,"[<Element 'meta' content=""We submit hundreds of blacklist review requests every day after cleaning our clients' websites. Google's Deceptive Content warning applies when Google detects dangerous code that attempts to trick users into revealing sensitive information.    For the past"" property='og:description'>]","['Google', 'SSL', 'website', 'sites', 'HTTP', 'We', 'websites', 'users', 'sensitive', 'label', 'website.', 'use', 'safe', 'information', 'blacklist']"
SQL Injection Vulnerability in Joomla! 3.7,"[<Element 'meta' content='During regular research audits for our\xa0Sucuri Firewall (WAF), we discovered a SQL Injection vulnerability affecting Joomla! 3.7 -\xa0CVE-2017-8917. The vulnerability is easy to exploit and doesn’t require a privileged account on the victim’s site.  Are You' property='og:description'>]","['The', 'vulnerability', 'SQL', '–', 'component', 'view', 'state', 'site.', 'site', 'sets', 'input', 'fields', 'administrator', 'URL', 'Joomla!']"
Labs Notes Monthly Recap – May/2017,"[<Element 'meta' content='Sucuri Labs provides website malware research updates directly from our teams on the front line. You can read past-monthly recaps to catch up on trends we look at every month.    This month, our Malware Research and' property='og:description'>]","['malware', 'malicious', 'content', 'code', 'This', 'Read', 'More', 'website', 'injections', 'backdoor', 'visitors', 'variables', 'uses', 'teams', 'specific']"
Personal Security Guide – Windows and macOS,"[<Element 'meta' content='For the fourth installment of our personal security guides, we are covering how to secure your computer.    This includes current versions of Mac (Sierra) and Windows (10). In a future post, we will cover some mitigation' property='og:description'>]","['I', 'use', 'If', 'good', 'sure', 'recommend', 'Windows', 'This', 'firewall', 'disk', 'You', 'Windows:', 'Open', 'Mac:', 'Mac']"
Phishing Leveraging the Sucuri Brand,"[<Element 'meta' content='We are\xa0always on guard for phishing emails and websites that might try to compromise our customers\xa0or employees, so that we can be on top of the issue and warn as many people as possible. Targeted' property='og:description'>]","['Tech', 'Registrant', 'Admin', 'site', 'Panama', 'Ext:', 'There', 'Registry', 'Magento', 'ID:', 'phishing', 'package', 'The', 'Sucuri', 'Registrar']"
SQL Injection Vulnerability in WP Statistics,"[<Element 'meta' content='Update 11/3/2017:    We are always looking for the latest to be shared with you and now we have released our WordPress Security Guide, were you can read all about vulnerabilities and best practices to keep your' property='og:description'>]","['shortcode', 'WordPress', 'WP', 'SQL', 'vulnerable', 'vulnerability', 'user', 'parameters', 'allows', 'This', 'Statistics', 'wp_statistics_searchengine_query()', 'version', 'using', 'users']"
Unwanted “Shorte St” Ads in Unpatched Newspaper Theme,"[<Element 'meta' content='Unwanted ads are one of the most common problems that site owners ask us to solve. Recently, we’ve noticed quite a few requests to remove intrusive “shorte st” ads that they never installed on their' property='og:description'>]","['theme', '“shorte', 'st”', 'ads', 'site', 'ad', 'Newspaper', 'security', 'The', '""', 'sites', 'injected', 'website', 'vulnerability', 'visitors']"
When Your Plugins Turn Against You,"[<Element 'meta' content='Every day we face countless cases of sites getting compromised and infected by an attacker. From there, the sites can be used for various operations like spam campaigns, malware spreading or simply to damage your' property='og:description'>]","['plugin', 'website', 'goo.gl', 'search', 'link', 'malware', 'code', 'Google', 'Facebook', 'sites', 'plugins', 'like', 'URL', 'This', 'The']"
What is Cross-Site Contamination and How to Prevent it,"[<Element 'meta' content=""If you suffer multiple reinfections and your site is one of many in an account, the odds are high that you're suffering from cross-site contamination.    Cross-site contamination is when a site is negatively affected by neighboring"" property='og:description'>]","['server', 'The', 'If', 'site', 'it’s', 'sites', 'account', 'environment', 'cross-site', 'website', 'different', '–', 'you’re', 'bad', 'I']"
Evolution of Conditional Spam Targeting Drupal Sites,"[<Element 'meta' content=""Last year we took a look at how attackers \xa0were infecting Drupal installations to spread their spam and keep their campaigns going by just including a malicious file in each visitor's session. If your Drupal"" property='og:description'>]","['The', 'Drupal', 'spam', 'code', '404', 'attacker', 'site', 'This', 'malware', 'files', 'file', 'attackers', 'We', 'Google', 'requests']"
Labs Notes Monthly Recap – June/2017,"[<Element 'meta' content='This month, our Malware Research and Incident Response teams wrote about redirects that deliver malware and ads to visitors, as well as a backdoor method that attempts to hide from webmasters by using undefined variables.    Sucuri' property='og:description'>]","['variables', 'using', 'backdoor', 'Read', 'More', 'website.', 'undefined', 'teams', 'redirects', 'malware', 'look', 'hide', 'external', 'domain', 'code']"
Register My Backdoor – Unorthodox Invocation Mechanisms,"[<Element 'meta' content='Backdoors are found in 72% of infected websites, according to our latest reports. Backdoors are files left on the\xa0server by attackers in order to retain access to your site and reinfect it later, whenever they' property='og:description'>]","['code', 'function', 'This', 'The', '=', 'PHP', 'like', 'URL', 'Stream', 'POST', '–', 'stream_open', 'malware', 'it’s', 'class']"
Setting Expectations For Your Website Security,"[<Element 'meta' content='I have a website. Sweet! What happens next?    Well, it’s a natural question. I had a brilliant idea and purchased a domain name, but what do I do next? Storks don’t fly by to deliver a' property='og:description'>]","['security', 'What', 'If', 'site', 'website', 'services', 'offer', 'need', 'host', 'I', 'web', 'using', 'site.', 'like', 'includes']"
Evasion Techniques in Phishing Attacks,"[<Element 'meta' content=""We all know that we shouldn’t click on links from sketchy looking emails. But what if the website you're viewing takes you to a spoofed page at the Apple ID store and asks for your"" property='og:description'>]","['phishing', 'website', 'page', 'The', 'pages', 'owners', 'login', 'information', 'files', 'detect', 'deceptive', 'attacks', 'attack', 'Phishing', 'ID']"
Expired Domain Leads to WordPress Plugin Redirects,"[<Element 'meta' content='A malicious redirect is a snippet of code used by attackers with the intention of redirecting visitors to another site; a very common tactic seen in compromised websites.    These redirects often take visitors to phishing, malware,' property='og:description'>]","['website', 'malicious', 'plugin', 'redirects', 'domain', 'redirected', 'compromised', 'The', 'websites', 'visitors', 'used', 'sites', 'redirect', 'plugins', 'maintained']"
Google Warnings For Form Input Over HTTP Coming in October,"[<Element 'meta' content='For years, Google has been actively seeking ways to encourage website owners to implement SSL certificates. SSL allows websites to be accessed over HTTPS, which encrypts information sent between the visitor and web server. If' property='og:description'>]","['SSL', 'website', 'Google', 'implement', 'free', 'If', 'websites', 'site', 'HTTPS', '“Not', 'using', 'information', 'Let’s', 'web', 'sites']"
Decoding Complex Malware – Step-by-Step,"[<Element 'meta' content='When cleaning websites, one of the most complicated parts of our job is ensuring we find all backdoors. Most of the time, attackers inject code into different locations to increase the chances of reinfecting the' property='og:description'>]","['=', 'The', 'code', '.', 'attackers', 'malware', 'function', 'PHP', 'following', '}', '{', 'variable', 'used', 'this:', 'techniques']"
Affiliate Cookie Stuffing in iFrames,[<Element 'meta' content='Inline frames (iFrames) are an easy way to embed content from another site onto your own. This element allows you to insert another document inside an HTML page and can be really useful for embedding' property='og:description'>],"['affiliate', 'attackers', 'user', 'iFrames', 'Amazon', 'websites', 'page', 'cookie', 'content', 'website', 'sites', 'purchase', 'malicious', 'make', 'like']"
Ecommerce Security: Fake Jquery Used as CC Scraper,"[<Element 'meta' content='In the last few months, we noticed an increase in attacks targeting ecommerce platforms aiming to steal credit card information. We saw a similar rise last year after the summer ended, and believe that trend' property='og:description'>]","['card', 'payment', 'data', 'credit', 'checkout', 'This', 'Magento', '}', 'ecommerce', 'attackers', '+', '{', 'site', 'sent', 'order']"
"Fake Plugins, Fake Security","[<Element 'meta' content='Update: The plugin name is fake and has nothing to do with the well-known WP-SpamShield plugin in the official WordPress plugin repository.    WordPress users are becoming increasingly more aware of security threats and as a result,' property='og:description'>]","['WordPress', 'plugin', 'The', 'plugins', 'file', 'security', 'fake', 'code', 'site', '–', 'plugin,', 'malicious', 'just', 'information', 'ZIP']"
Hacked Websites Mine Cryptocurrencies,"[<Element 'meta' content='Cryptocurrencies are all the rage now. Bitcoin, altcoins, blockchain, ICO, mining farms, skyrocketing exchange rates - you see or hear this every day in the news now. Everyone seems to be trying to jump on' property='og:description'>]","['script', 'CoinHive', '–', 'code', 'site', 'The', 'JavaScript', 'sites.', 'sites', 'miner', 'WordPress', 'injected', '*', 'websites', 'scripts']"
Intro to Securing an Online Store,[<Element 'meta' content='Ecommerce websites have one of the most difficult challenges in the web security space - keeping the implicit trust of a customer in order to make them feel safe shopping on the site.    Whether the business' property='og:description'>],"['security', 'online', '–', 'website', 'The', 'you’re', 'it’s', 'PCI', 'data', 'This', 'In', 'If', 'vendor', 'stores.', 'store.']"
New Guide on How to Implement HTTPS / SSL Certificate,"[<Element 'meta' content='HTTPS is a hot topic among online marketers and SEO professionals who understand the future of the web needs to be more secure. Not just for the good of the internet, but to increase visibility' property='og:description'>]","['SSL', 'website', 'guide', 'Let’s', 'free', 'HTTPS', 'Encrypt', '–', 'welcome', 'web', 'make', 'like', 'learn', 'just', 'install']"
"Old Themes, Abandoned Scripts and Pitfalls of Cleaning Serialized Data","[<Element 'meta' content='Over the summer, we’ve seen waves of WordPress database infections that use vulnerabilities in tagDiv’s Newspaper/Newsmag themes or InterconnectIT Search and Replace scripts (searchreplacedb2.php).    The injections range from ad scripts coming from established ad networks like' property='og:description'>]","['–', 'scripts', 'WordPress', 'use', 'serialized', 'database', 'created', 'The', 'injected', 'data', 'Bulgaria)', '2017', 'remove', 'hackers', 'In']"
Stored Cross-Site Scripting Vulnerability in WordPress 4.8.1,"[<Element 'meta' content='Update 11/03/2017:    Read all about vulnerabilities and best practices to secure your website in our newly WordPress Security Guide today!  During regular research audits for our Sucuri Firewall (WAF), we discovered a stored source-based Cross-Site Scripting (XSS)' property='og:description'>]","['WordPress', 'XSS', 'vulnerability', 'user', 'account', '–', 'victim’s', 'possible', 'payload', 'installation', 'administrator', 'The', 'using', 'stored', 'site']"
Credit Card Stealer Investigation Uncovers Malware Ring,"[<Element 'meta' content='During a recent investigation, I found a new piece of malicious code being used to steal credit card information from compromised Magento sites.     What I didn’t know was how many domains would be uncovered as' property='og:description'>]","['[.]', 'The', 'website', 'used', 'malware', 'malicious', 'domains', 'I', 'hosting', 'domain', 'Server:', 'Magento', 'code', 'This', 'Name']"
Cryptominers on Hacked Sites – Part 2,[<Element 'meta' content='Last month we wrote about how the emergence of website cryptocurrency miners resulted in hackers abusing the technology by injecting the CoinHive miners into compromised sites without the consent of the website owners.    We reviewed two' property='og:description'>],"['CoinHive', 'miner', 'The', 'code', 'This', 'site', 'script', 'sites', 'injected', '–', 'version', 'malicious', 'In', 'new', 'malware']"
Malware Serving SEO Spam from External Sites,"[<Element 'meta' content='We handle an enormous number of SEO spam infections here at Sucuri. In Q3 of 2016, approximately 37% of all website infection cases were related to SEO spam campaigns through PHP, database injections or .htaccess' property='og:description'>]","['spam', 'website', 'SEO', 'content', 'The', 'using', 'like', 'website’s', 'search', 'This', 'Spam', 'In', 'Google', 'vulnerable', 'this:']"
Mayhem Malware Server Botnet Continues to Evolve,"[<Element 'meta' content='Three years ago, researchers at Yandex discovered a complex server infection, dubbed Mayhem, that embeds itself deep within a system by compiling a shared object and running as a service. This also allows the malware' property='og:description'>]","['malware', 'shared', 'object', '–', 'web', 'original', 'This', '=', '$arch', 'website', 'used', 'servers', 'method', 'malicious', 'exploit']"
Website Hosting: Security Awareness Can Reduce Costs,"[<Element 'meta' content='Website hosting security has matured in recent years. Naturally, the types of security issues have changed because of it. For example, cross-contamination\xa0over multiple shared hosting accounts used to be a major problem for large website' property='og:description'>]","['security', 'website', 'hosting', 'providers', 'customers', 'The', 'want', 'We', 'understand', 'service', 'really', 'host', 'Website', 'They', 'websites']"
Formidable Forms / Shortcodes Ultimate Exploits In The Wild,"[<Element 'meta' content='On Monday, November 20th, we were notified about a vulnerability that poses a serious security risk when the Shortcodes Ultimate and Formidable Forms plugins are used together on a single WordPress installation.    Over the past couple' property='og:description'>]","['Shortcodes', '——————————aafdb155dba7', 'vulnerable', 'vulnerabilities', 'using', 'requests', 'form-data;', 'attackers', 'We', 'Ultimate', 'This', 'The', 'Forms', 'Formidable', 'Content-Disposition:']"
How to Avoid Malicious Cyber Monday Campaigns,"[<Element 'meta' content='As consumers prepare to take advantage of the discounts and promotions for the Black Friday and Cyber Monday ecommerce holidays, bad actors are crafting fraudulent websites, phishing, and malware campaigns to capitalize on the profits.    In' property='og:description'>]","['website', 'malicious', 'Monday', 'JavaScript', 'Cyber', 'These', 'soon', 'site', 'plugin.exe', 'performance', 'online', 'links', 'ecommerce', 'URL', 'As']"
New WordPress Security Guide,"[<Element 'meta' content='WordPress has become the most popular CMS and now powers over 28% of the web. With over 60 million downloads, its popularity makes it a prime target for malicious hackers that are looking for vulnerabilities' property='og:description'>]","['WordPress', 'security', 'help', 'access', 'If', 'website', 'valuable', 'unauthorized', 'steps', 'security,', 'guides', 'guide,', 'guide', 'We', 'Security']"
Risks For E-commerce Site Owners Through the Holidays,"[<Element 'meta' content='Shopping season is here, and with that, so is the opportunity for ecommerce site owners to grow their revenue and reputation. However, hackers are also busy infecting ecommerce websites with malware, such as:     \tCredit Card' property='og:description'>]","['website', 'ecommerce', 'site', 'payment', 'attackers', 'This', 'malicious', 'hackers', 'credit', 'card', 'traffic', 'software', 'risks', 'information', 'hacker']"
SQL Injection in bbPress,"[<Element 'meta' content='During regular audits of our Sucuri Firewall (WAF), one of our researchers at the time, Slavco Mihajloski, discovered an SQL Injection vulnerability affecting bbPress. If the proper conditions are met, this vulnerability is very easy' property='og:description'>]","['–', 'SQL', 'Sucuri', '=', 'WordPress', 'AND', 'patch', 'vulnerability', 'using', 'details', 'bug', 'bbPress', 'sanitized', 'post', 'option']"
Why Attackers Hack Small Sites,[<Element 'meta' content='You would never leave the front door to your house wide open when you’re not home would you? Doing so would allow criminals to seize the opportunity of stealing your valuables. That’s the same way' property='og:description'>],"['website', 'it’s', 'software', 'SEO', 'security', 'access', 'This', '–', 'victim', 'spam', 'site', 'new', 'links', 'like', 'If']"
Cloudflare[.]Solutions Keylogger on Thousands of Infected WordPress Sites,"[<Element 'meta' content='Update Dec. 8 2017: The cloudflare[.]solutions domain has now been taken down.  A few weeks ago,\xa0we wrote about a massive WordPress infection that injected an obfuscated script pretending to be jQuery and Google Analytics. In reality,' property='og:description'>]","['The', 'script', 'WordPress', 'code', 'site', 'injected', 'check', 'URLs', 'This', 'sites', 'page', 'login', 'infected', 'domain', 'cloudflare[.]solutions']"
How to Create Secure Passwords For Your Website,"[<Element 'meta' content='Have you ever signed up for a new account, but once it came time to create a password, your spirits dropped a little? It’s hard enough to remember one password, let alone multiple ones. Panic' property='og:description'>]","['password', 'passwords', 'password,', 'accounts', 'If', 'use', 'unique', 'strong', 'numbers', 'site', 'remember', 'passwords.', 'password.', 'multiple', 'make']"
Javascript Injection Creates Rogue WordPress Admin User,"[<Element 'meta' content='Earlier this year, we faced a growing volume of infections related to a vulnerability in outdated versions of the Newspaper and Newsmag themes. The infection type was always the same: malicious JavaScript designed to display' property='og:description'>]","['>', 'admin', 'The', 'user', 'rogue', 'javascript', 'Newspaper', 'website', 'visitor', 'related', 'malicious', 'code', 'WordPress', 'themes', 'site']"
Malicious Cryptominers from GitHub,"[<Element 'meta' content='Recently, a webmaster contacted us when his AVG antivirus reported that the JS:Miner-C [Trj] infection was found on their site.    Our investigation revealed a hidden iframe had been injected into the theme’s footer.php file:  <iframe src=""hxxps://wpupdates.github[.]io/ping/"" style=""width:0;heigh:0;border:none;""></iframe>  When' property='og:description'>]","['GitHub', 'The', 'CoinHive', 'repository', 'iframe', 'hidden', 'page', 'code', 'web', 'site', 'interface', 'iframe.', 'hackers', 'accounts', 'URL']"
Reverse Javascript Injection Redirects to Support Scam on WordPress,"[<Element 'meta' content='Over the last few weeks, we’ve noticed a JavaScript injection in a number of WordPress databases, and we recently wrote about them in a Sucuri Labs Note.     The campaign attempts to redirect visitors to a' property='og:description'>]","['I', 'support', 'scams', 'phone', 'bogus', 'page', 'number', 'database', 'asked', 'WordPress', 'using', 'times', 'security', 'script', 'redirection']"
Cloudflare[.]solutions Keylogger Returns on New Domains,"[<Element 'meta' content='A few months ago, we covered two injections related to the ""cloudflare.solutions"" malware: a CoinHive cryptominer hidden within fake Google Analytics and jQuery, and the WordPress keylogger from Cloudflare[.]solutions. This malware was originally identified by' property='og:description'>]","['keylogger', 'new', 'script', 'The', 'previous', 'This', 'CoinHive', 'server', 'msdns[.]online', 'identified', 'WordPress', 'websites', 'scripts', 'loads', 'cloudflare[.]solutions']"
Malicious Website Cryptominers from GitHub. Part 2.,"[<Element 'meta' content='Recently we wrote about how GitHub/GitHub.io was used in attacks that injected cryptocurrency miners into compromised websites. Around the same time, we noticed another attack that also used GitHub for serving malicious code.  Encrypted CoinHive Miner' property='og:description'>]","['CoinHive', 'The', 'This', '–', 'free', 'GitHub', 'code', 'malware', 'used', 'site', 'miner', 'it’s', 'web', 'lines', '...']"
SQLi Vulnerability in YITH WooCommerce Wishlist,"[<Element 'meta' content='As part of our regular research audits for our Sucuri Firewall, we discovered an SQL Injection vulnerability affecting the YITH WooCommerce Wishlist plugin for WordPress. This plugin allows visitors and potential customers to make wish' property='og:description'>]","['vulnerable', 'vulnerability', 'variable', 'attacker', 'The', 'version', 'user', 'servers', 'plugin', 'This', '–', 'wishlist', 'wish', 'versions', 'using']"
What is a WAF?,"[<Element 'meta' content='Have you ever wondered what WAF means?    WAF stands for Website Application Firewall. In order to make it simple to understand, imagine your website as a house and the people outside on the streets are the' property='og:description'>]","['website', 'Sucuri', 'WAF', 'The', 'Firewall', 'website.', 'Application', 'having', 'firewall', 'Website', 'In', 'security', 'network', 'need', 'malicious']"
New Guide on How to Clean a Hacked Website,[<Element 'meta' content='Our mission at Sucuri is to make the internet a safer place and that entails cleaning up hacked websites. We have teams who actively research website vulnerabilities and who are eager to share with you' property='og:description'>],"['website', 'guide', 'We', 'How', 'Hacked', 'Clean', 'security', 'help', 'hacked', 'guides', 'Site', 'If', 'websites.', 'want', 'tips']"
The Impacts of Zero-Day Attacks,"[<Element 'meta' content='Last week, we explained what zero-day vulnerabilities and attacks are. Essentially, zero-day vulnerabilities exist in the wild, with no patch available to prevent hackers from exploiting it. Today, we would like to expand on the' property='og:description'>]","['website', 'security', 'zero-day', 'quickly', 'project', 'If', 'How', 'Do', 'vulnerability', 'solution', 'proactive', 'patch', 'don’t', 'developers', 'attacks']"
Understanding Zero-Day Vulnerabilities & Attacks,"[<Element 'meta' content='In computer science, a vulnerability is considered to be a zero-day vulnerability if it’s unknown to all parties interested in patching it, such as:     \tThe team maintaining the project   \tThe users of the project   \tVulnerability' property='og:description'>]","['vulnerability', 'security', 'zero-day', 'website', 'really', 'vulnerabilities', 'researchers', 'attack', 'If', 'won’t', 'plugin', 'interested', 'don’t', 'code', 'Zero-Day']"
Unwanted Pop-ups Caused by Injectbody/Injectscr Plugins,"[<Element 'meta' content='On February 8th, 2018, we noticed a new wave of WordPress infections involving two malicious plugins: injectbody and injectscr. These plugins inject obfuscated scripts, creating unwanted pop-up/pop-unders. Whenever a visitor clicks anywhere on an infected' property='og:description'>]","['-', 'x64;', 'script', 'rv:50.0)', 'plugins', 'Win64;', 'NT', 'Gecko/20100101', '6.1;', '(Windows', 'WordPress', 'HTTP/1.1""', '-0500]', '""Mozilla/5.0', '""-""']"
Intro to Securing an Online Store – Part 2,"[<Element 'meta' content='Last year, we introduced the theme of Securing an Online Store. We talked about how to identify the potential risks and what to look out for. These principles can help in satisfying PCI DSS requirements' property='og:description'>]","['–', 'requirements', 'Requirement', 'PCI', 'security', 'Protect', 'website', 'need', 'cardholder', 'We', 'protect', 'data.', 'data', 'breach', 'The']"
GitHub Hosts Infostealers Part 2: Cryptominers and Credit Card Stealers,"[<Element 'meta' content='Update - March 28th, 2018:    The fake Flash update files referenced in this post have been moved from GitHub to port.so[.]tl, and the bit.wo[.]tc script to byte.wo[.]tc.            A few days ago, we reported that hacked Magento sites' property='og:description'>]","['Flash', 'fake', 'site', 'malware', 'Magento', 'sites', 'The', 'I', 'update', 'script', '2018:', '–', 'scripts', 'infected', 'files']"
Steps to Keep Your Site Clean: Access Points,"[<Element 'meta' content='Unfortunately, most website owners know what it’s like to have a site hacked – the panic, the rush to find anyone out there that can help, and the worry it causes. Maybe you were able' property='og:description'>]","['site', 'website', 'access', 'passwords', 'important', 'cPanel', 'need', 'change', 'user', 'account', 'If', 'sure', 'know', 'host', 'clean']"
What is Virtual Hardening?,"[<Element 'meta' content='If you want to make your website security more robust, you need to think about hardening. To harden your website means to add different layers of protection to reduce the potential attack surface. Hardening often' property='og:description'>]","['website', 'The', 'security', 'hardening', 'website.', 'server', 'harden', 'need', 'Website', 'Hardening', 'CMS', 'web', 'virtual', 'tips', 'protection']"
Analysis of a Malicious Blackhat SEO Script,"[<Element 'meta' content='An enormous number of SEO spam infections are handled by us here at Sucuri. In our most recent hacked website trend report, we analyzed over 34,000+ websites and identified that 44% of all website infection' property='og:description'>]","['spam', 'SEO', 'website', 'This', 'websites', 'search', 'malicious', 'easy', 'script', 'pages', 'like', 'engines', 'cases,', 'In', 'we’ve']"
From Baidu to Google’s Open Redirects,"[<Element 'meta' content='Last week, we described how an ongoing massive malware campaign began using Baidu search result links to redirect people to various ad and scam pages.    It didn’t last long. Soon after the publication of that article,' property='og:description'>]","['goo.gl', 'link', 'links', 'redirect', 'URL', 'Google', 'maps.app.goo.gl', 'malicious', 'shortened', 'This', 'The', 'use', 'sites', 'site', 'redirects']"
Hacked Website Trend Report – 2017,"[<Element 'meta' content='We are proud to be releasing our latest Hacked Website Trend Report for 2017.    This report is based on data collected and analyzed by the Sucuri Remediation Group (RG), which includes the Incident Response Team (IRT)' property='og:description'>]","['infected', 'WordPress', 'Q3', 'websites', 'report', 'point', 'number', 'malware', 'data', 'The', 'CMS', 'website', 'outdated', 'infection.', 'In']"
Malicious Activities with Google Tag Manager,"[<Element 'meta' content='If I were to ask if you could trust a script from Google that is loading on your website, the majority of users would say “yes” or even “absolutely”. But when malicious behavior ensues, everything' property='og:description'>]","['Google', 'Tag', 'script', 'Manager', 'website', 'malicious', 'code', 'load', 'ads', 'networks', 'The', 'ID', 'This', 'GTM', 'tags']"
Obfuscation Through Legitimate Appearances,"[<Element 'meta' content='Recently, I analyzed a malware sample provided by our analyst Edward C. Woelke and noticed that it had been placed in a core Wordpress folder. This seemed suspicious, since no such core WP file like' property='og:description'>]","['I', 'malware', 'code', 'used', 'functions', 'function', 'started', 'file', 'This', 'way', 'sample', 'names', 'exactly', 'core', 'analysis']"
Steps to Keep Your Site Clean: Updates,"[<Element 'meta' content='This is the second post of a series about Steps to Keep Your Site Clean. In the first post, we talked about Access Points;\xa0here we are going to offer more insight on Updates.  Updates  Repeatedly we see' property='og:description'>]","['site', 'updates', 'site.', 'plugin', 'developer', 'If', 'software', 'security', 'plugins', 'new', 'CMS', 'website', 'vulnerability', 'vulnerabilities', 'theme']"
Unwanted Ads via Baidu Links,"[<Element 'meta' content='The malware attack that began as an installation of malicious Injectbody/Injectscr WordPress plugins back in February has evolved since then.    Some of the changes were documented as updates\xa0at the bottom of the original blog post, however,' property='og:description'>]","['Baidu', 'WordPress', 'files', 'malicious', 'like', 'code', 'used', 'links', 'site', 'domain', 'URL', 'The', 'For', 'Cyrillic', 'search']"
A Puzzling Backdoor Upload,"[<Element 'meta' content='During an investigation, a Sucuri researcher identifies a backdoor which utilizes a type of obfuscation that could bypass detection tools based on function names and malicious patterns.' property='og:description'>]","['website', 'malicious', 'code', 'backdoor', 'access', '=', 'website,', 'malware', 'maintain', 'environment.', 'code.', 'bypass', 'backdoors', 'attackers', 'The']"
An Old Trick with a New Twist: Cryptomining Through Disguised URL Shorteners,"[<Element 'meta' content='Our researcher describes how attackers continue to trick website visitors into stealth cryptomining, and how shortened URLs are disguising malicious content.' property='og:description'>]","['URL', 'website', 'shortened', 'cnhv[.]co', 'malicious', 'The', 'mining', 'iFrame', 'websites', 'web', 'using', 'new', 'loaded', 'like', 'hashes']"
Massive localstorage[.]tk Drupal Infection,"[<Element 'meta' content='Our senior malware researcher describes how a massive Drupal Infection is spreading following a series of critical Drupal vulnerabilities, which were disclosed earlier this year.' property='og:description'>]","['Drupal', 'files', 'malicious', 'code', 'sites', 'script', 'remove', 'injected', 'infected', 'This', 'JavaScript', '32,', '—', 'vulnerabilities', 'various']"
What is PCI Compliance?,[<Element 'meta' content='Here we explain what PCI Compliance stands for and discuss how the Sucuri Website Application Firewall can help a website become PCI Compliant.' property='og:description'>],"['PCI', 'The', 'SSL', 'Requirement', 'Firewall', 'standards', 'site', 'security', 'customers', 'traffic', 'secure', 'information', 'help', 'Website', 'Sucuri']"
PCI for SMB: Requirement 3 & 4 – Secure Cardholder Data,"[<Element 'meta' content='This is the third post in a series of articles on understanding the Payment Card Industry Data Security Standard - PCI DSS. We want to show how PCI DSS affects small, medium, and large businesses' property='og:description'>]","['data', 'cardholder', '–', 'security', 'SSL', 'Requirement', 'Secure', 'PCI', 'requirements', 'offer', 'encryption', 'certificate', 'type', 'trusted', 'things']"
Referral Program Update – Now Offering Agency Plan,"[<Element 'meta' content='We’ve got an exciting new update to our referral program and now offer a finders fee for referring developers, freelancers, and web service providers to our Agency plan, made for those who need security for multiple websites.' property='og:description'>]","['Agency', 'web', 'We', 'plan', 'The', 'Sucuri', 'want', 'plan,', 'partners', 'new', 'business', 'Referral', 'websites.', 'website', 'sites']"
Shell Logins as a Magento Reinfection Vector,[<Element 'meta' content='Our senior security analyst describes an unusual reinfection method using .bashrc files to execute malicious scripts whenever a Magento site owner logs in through shell.' property='og:description'>],"['file', 'website', '];', '[', '>', '.bashrc', '-f', '#', 'grep', 'files', 'fi', 'account', 'This', '/tmp/php-fpm', '/tmp/.a']"
Sucuri is Committed to the Protection of Your Data,"[<Element 'meta' content='Protecting our users’ information and privacy is extremely important to us. As a cloud-based security service, we’re fully committed to complying with the requirements of the General Data Protection Regulation (GDPR). ' property='og:description'>]","['data', 'GDPR', 'personal', 'privacy', 'Sucuri’s', 'information', 'team', 'security', 'requirements', 'new', 'legal', 'We', 'Ensure', 'we’ve', 'use']"
The Impacts of a Data Breach,"[<Element 'meta' content='In this post, we discuss about what are the impacts of a data breach to an online business whose revenue depends on the security of an ecommerce website.' property='og:description'>]","['data', 'breach', 'PCI', 'cost', 'card', 'security', 'credit', 'merchants', 'breach.', 'The', 'time', 'information', 'e-commerce', 'business', 'In']"
How APIs Can Streamline Your Operations,[<Element 'meta' content='Having time to deal with your many operations is crucial. APIs can help you optimize your daily operations. Sucuri offers APIS that help communicate with our Website Security Platform dashboard to accomplish just about anything you require.' property='og:description'>],"['\\', '--data', 'IP', 'APIs', 'API', 'like', 'Here', '–', 'used', 'time', 'security', 'new', 'help', 'curl', 'You']"
How to Improve Website Resilience for DDoS Attacks – Part I,"[<Element 'meta' content='This is the first post of a series on How to Improve your Website Resilience for DDoS Attacks. In this article, we discuss the best practices around removing, optimizing and outsourcing your website features.' property='og:description'>]","['website', 'DDoS', 'server', 'attacks', 'make', 'good', 'attack', 'The', '404', 'website.', 'used', 'try', 'simple', 'making', 'attacks.']"
Magento Credit Card Stealer Reinfector,"[<Element 'meta' content='In this post, our security analyst describes one of the methods hackers use to ensure that their malicious code is added back to Magento websites after it was removed in order to steal credit card information.' property='og:description'>]","['Magento', 'code', 'website.', 'malicious', 'website', 'stealer', 'infections', 'file', 'credit', 'content', 'clean', 'called', 'attackers', 'The', 'verified']"
Sucuri Enhances Security by Disabling TLS Version 1.0 and 1.1,[<Element 'meta' content='Sucuri disabled support for TLS version 1.0 and 1.1 to our WAF/CDN edge nodes in order to be compliant with the newest PCI Data Security Standards (PCI DSS) requirements.' property='og:description'>],"['TLS', 'support', 'Security', 'security', 'The', 'Sucuri', 'PCI', 'Internet', 'web', 'version', 'protocol', 'encryption', 'edge', 'disabled', 'WAF/CDN']"
The Importance of Website Backups,[<Element 'meta' content='Website backups should be part of your website security posture. Backups can be your life saver as they can help you recover your website after a security incident. ' property='og:description'>],"['website', 'backups', 'backup', 'Backups', 'security', 'files', 'Sucuri', 'having', 'spare', 'solution', 'restore', 'Backup', 'web', 'update', 'tire']"
What are Website Backdoors?,[<Element 'meta' content='Do you know what website backdoors are? In this post we clarify this concept and explain why leaving backdoors behind will increase the chance of having a site reinfected.' property='og:description'>],"['website', 'Backdoors', 'backdoors', 'malware', 'code,', 'backdoors:', 'backdoor.', 'backdoor', 'This', 'site', 'it.', 'hidden', 'example', 'content', 'attackers']"
Why You Should Care about Website Security on Your Small Site,"[<Element 'meta' content='Most attacks are performed by bots which scrape lists of websites and check for a range of common vulnerabilities that can be easily exploited. The majority of these attempts are for vulnerabilities that have already been disclosed and made public, but users have not patched fast enough.' property='og:description'>]","['website', 'password', 'websites', 'bots', 'vulnerable', 'users', 'update', 'manager', 'using', 'user', 'small', 'simple', 'passwords', 'need', 'exploit']"
Ask Sucuri: How Do You Find Website Backdoors?,"[<Element 'meta' content='We describe the techniques we use to find website backdoors and give you advice on how to clean a compromised website: whitelisting, blacklisting, and anomaly checks.' property='og:description'>]","['website', 'files', 'We', 'backdoors', 'good', 'file', 'clean', 'Sucuri', 'If', 'signatures', 'new', 'files,', 'core', 'backdoor', 'whitelisting']"
CoinImp Cryptominer and Fully Qualified Domain Names,[<Element 'meta' content='Our senior researcher describes how bad actors are using fully qualified domain names to avoid detection in security and ad-blocking software and nefariously mine crypto on infected websites. ' property='og:description'>],"['domain', 'CoinImp', 'period', 'domains', 'Google', 'web', 'malware', 'fake', 'end', 'character', 'Analytics', 'using', 'used', 'tools', 'script']"
Google and Facebook Used in Phishing Campaigns,[<Element 'meta' content='Our malware research lead describes an intriguing phishing email campaign that uses a Facebook domain to host malicious code.' property='og:description'>],"['use', 'message', 'malware', 'links', 'email', 'URL', 'I', 'phishing', 'people', 'hackers', 'check', 'Phishing', 'Facebook', '–', 'website']"
Persistent Malicious Redirect Variants,"[<Element 'meta' content='Our senior malware researcher describes how a persistent family of malicious injectors and redirects have evolved over the years and continue to be seen on infected client sites. In this post, he provides some code samples and explains the behavior of several variants. ' property='og:description'>]","['injectors', 'malware', ')', '“old', 'malicious', 'lot', 'know', 'it’s', 'example', 'years,', 'time', 'seen', 'seeing', 'samples', 'one-time']"
RawGit CDN is Abused by CryptoLoot Cryptominers,[<Element 'meta' content='Our senior malware researcher explains how bad actors are using a third party  service to reference malicious files and mine crypto on compromised websites.' property='og:description'>],"['The', 'files', 'This', 'RawGit', 'script', 'URLs', 'malicious', 'doesn’t', 'code', 'GitHub', 'CDN', 'web', 'uses', 'user', 'suggest']"
Switching to HTTPS Before It’s Too Late,[<Element 'meta' content='Google Chrome will soon start flagging sites that are not using HTTPS and will display a warning that HTTP sites are insecure.' property='og:description'>],"['SSL', 'website', 'Chrome', 'content', 'HTTPS.', 'sites', 'security', 'This', 'If', 'HTTPS', '–', 'websites', 'warning', 'using', 'search']"
WordPress Update – 4.9.7 Security & Maintenance Release,"[<Element 'meta' content='WordPress has just released a critical security and maintenance update, including a patch that protects against a vulnerability that allows bad actors to delete files from your site. If certain circumstances are met, this may be enough for an attacker to take control of your site.' property='og:description'>]","['using', 'WordPress', 'update', 'security', 'files', 'delete', 'If', 'As', 'website.', 'vulnerable', 'vulnerability', 'version', 'site.', 'site', 'patch']"
Cookie Consent Script Used to Distribute Malware,"[<Element 'meta' content='After the rush to become GDPR compliant, many website owners hired third-party services to create a cookie consent. However, adding unverified code to a website can be dangerous. We explain how a cookie consent script was used to distribute malware. ' property='og:description'>]","['website', 'code', 'cookie', 'websites', 'JavaScript', 'It', 'website.', 'owners', 'identifiers', 'This', 'GDPR', 'using', 'malware', 'malicious', 'easy']"
Core Integrity Verifications,[<Element 'meta' content='Core integrity verifications can be used to find out which files have been compromised. We use automatic processes to detect malware infections more effectively.' property='og:description'>],"['files', 'WordPress', 'hash', 'core', 'file', 'content', 'hashing', 'value', 'use', 'plugin', 'integrity', 'files.', 'malware', 'function', 'The']"
Cryptominers: Binary-Process-Cron Variants and Methods of Removal,"[<Element 'meta' content='Our security analyst describes server-level cryptominers and their variants, and includes instructions on how to remove them from your server environment.' property='og:description'>]","['00', '#', 'process', 'like', '20', 'If', 'server', 'This', '–', 'file', 'crontab', '69', 'server,', 'just', 'cron']"
Fake Font Dropper,[<Element 'meta' content='Our security analyst shows how a fake font dropper ends up being malware injected in the core file of a WordPress website.' property='og:description'>],"['The', 'website', 'malicious', '<div', 'missing', '<td', '</div>', 'file', 'code', 'In', 'window', 'font', 'WordPress', 'Font', '<b']"
Fake Plugins with Popuplink.js Redirect to Scam Sites,[<Element 'meta' content='Our senior malware researcher describes a massive WordPress infection responsible for unwanted redirects to scam and advertising sites. ' property='og:description'>],"['plugin', 'code', 'The', 'fake', 'new', 'malicious', 'cookie', 'WordPress', 'If', 'used', 'use', 'site', 'plugins', 'malware', 'long']"
How to Improve Website Resilience for DDoS Attacks – Part II – Caching,[<Element 'meta' content='We describe types of caching and ways a website can be more resilient to DDoS attacks. Cached content makes a website lighter and faster.' property='og:description'>],"['website', 'server', 'caching', 'Caching', 'faster', 'content', 'This', 'DDoS', 'using', 'time', 'practices', 'page', 'able', 'When', 'Website']"
How to Improve Your Website Security Posture – Part I,"[<Element 'meta' content='In the first post of this series on how to improve your website security posture, we tackle some attacks that can be leveraged to target your admin credentials.' property='og:description'>]","['website', 'attacks', 'security', 'common', 'users', 'try', 'password', 'force', 'web', 'username', 'user', 'posture', 'like', 'fake', 'credentials']"
How to Improve Your Website Security Posture – Part II,"[<Element 'meta' content='We describe practical tips that you can use to improve your website posture, which include the principle of least privilege, strong passwords and others. ' property='og:description'>]","['website', 'security', 'password', 'website.', 'principle', 'posture.', 'passwords', 'Use', 'users', 'unique', 'set', 'good', 'different', 'Web', 'The']"
Massive WordPress Redirect Campaign Targets Vulnerable tagDiv Themes and Ultimate Member Plugins,"[<Element 'meta' content=""Our senior malware researcher describes a new massive WordPress infection that's redirecting visitors to unwanted sites. "" property='og:description'>]","['files', 'The', 'code', 'sites', 'Ultimate', 'This', 'PHP', 'Member', 'injected', 'vulnerability', 'script', '-', 'themes', 'like', 'file']"
Backdoor Uses Paste Site to Host Payload,[<Element 'meta' content='Our senior malware researcher explains how a small and simple backdoor uploaded to a WordPress theme file downloads malware from a paste website.' property='og:description'>],"['website', 'malware', 'like', 'code', 'backdoors', 'backdoor', 'Backdoors', 'security', 'hidden', 'file', 'downloads', 'Website', 'A', 'written', 'website.']"
E-Commerce Security – Planning for Disasters,"[<Element 'meta' content='An e-commerce website security should be one of the biggest concerns of any online business. In this post, we talk about planning for disasters. ' property='og:description'>]","['security', 'website', 'This', 'How', '–', 'identify', 'hacked', 'clean', 'Recovery', 'you’re', 'risk', 'needed', 'need', 'minimize', 'business']"
New Guide on How to Use the Sucuri WordPress Security Plugin,[<Element 'meta' content='Sucuri has a free WordPress security plugin that can be downloaded from the official WordPress repo. We recently wrote a guide to using our security plugin.' property='og:description'>],"['WordPress', 'security', 'Security', 'plugin', 'free', 'features', 'The', 'Sucuri', 'Malware', 'Hardening', '–', 'posture.', 'plugin.', 'installation', 'guide,']"
Outdated Duplicator Plugin RCE Abused,[<Element 'meta' content='Our senior researcher describes a vulnerability for outdated WordPress Duplicator Plugins which allows bad actors to perform remote code execution attacks. ' property='og:description'>],"['file', 'The', 'Duplicator', 'site', 'installer.php', 'vulnerable', 'vulnerability', 'root', 'plugin', 'This', 'wp-config.php', 'version', 'site’s', 'site.', 'folder']"
PCI for SMB: Requirement 5 & 6 – Maintain a Vulnerability Management Program,"[<Element 'meta' content='In this post, we cover the Payment Card Industry Data Security Standard (PCI DSS) Requirement 5 & 6: Maintain a Vulnerability Management Program.' property='og:description'>]","['PCI', 'security', 'Requirement', 'vulnerability', 'systems', 'software', 'vulnerabilities', 'secure', 'help', 'need', 'maintain', 'applications', 'This', '6', '–']"
PCI for SMB: Requirement 7 & 8 – Implement Strong Access Control Measures,[<Element 'meta' content='Explaining PCI requirement 7 - restrict access to cardholder data by business need to know & 8 - identify and authenticate access to system components.' property='og:description'>],"['–', 'Requirement', '&', 'PCI', 'security', '8', 'This', 'Secure', 'I', 'use', 'examples:', 'especially', 'components', 'cardholder', 'authenticate']"
SSL vs. Website Security,[<Element 'meta' content='In this post we answer: What are the differences among SSL certificates? Why do they only account for a small piece of the website security puzzle? ' property='og:description'>],"['SSL', 'website', 'security', 'certificates', 'Certificate', 'secure', 'Certificates', 'websites', 'website.', 'site', 'does', 'data', 'Website', 'We', 'HTTPS']"
Unsuccessfully Defaced Websites,[<Element 'meta' content='Our security analyst describes an intriguing case in which an inexperienced hacker relied upon a free VPN service that was unknowingly injecting JavaScript to his browser while creating a defacement page. ' property='og:description'>],"['website', 'JavaScript', 'VPN', 'defacement', 'The', 'Shield', 'HotSpot', 'free', 'code', 'hackers', 'browser', 'This', 'Defaced', '–', 'usually']"
WordPress Database Upgrade Phishing Campaign,[<Element 'meta' content='Our senior malware researcher describes a fake WordPress phishing campaign that tries to trick victims into disclosing their credentials.' property='og:description'>],"['site', 'WordPress', 'emails', 'email', 'phishing', 'credentials', 'The', 'website', 'page', 'hacked', 'content', 'use', 'spam', 'scripts', 'This']"
Creating a Response Plan You Can Trust,[<Element 'meta' content='Website security is paramount for your online business assets.The best course of action is to have a response plan you can trust.' property='og:description'>],"['website', 'Security', 'Website', 'security', 'You', 'team', 'online', 'malware', 'indicators', 'free', 'files', 'bad', 'Our', 'If', 'using']"
